{
  "Step 2: Select flight-5" : {
    "transaction" : "Step 2: Select flight-5",
    "sampleCount" : 1115,
    "errorCount" : 0,
    "errorPct" : 0.0,
    "meanResTime" : 690.8995515695061,
    "medianResTime" : 313.0,
    "minResTime" : 165.0,
    "maxResTime" : 8469.0,
    "pct1ResTime" : 1548.1999999999998,
    "pct2ResTime" : 2782.6000000000004,
    "pct3ResTime" : 5431.479999999998,
    "throughput" : 2.7111275372749644,
    "receivedKBytesPerSec" : 0.46332745998351443,
    "sentKBytesPerSec" : 2.4278358903136157
  },
  "Step 2: Select flight-4" : {
    "transaction" : "Step 2: Select flight-4",
    "sampleCount" : 1115,
    "errorCount" : 0,
    "errorPct" : 0.0,
    "meanResTime" : 740.9273542600904,
    "medianResTime" : 308.0,
    "minResTime" : 165.0,
    "maxResTime" : 8471.0,
    "pct1ResTime" : 1757.3999999999992,
    "pct2ResTime" : 3351.6000000000026,
    "pct3ResTime" : 5451.959999999998,
    "throughput" : 2.6902086057722467,
    "receivedKBytesPerSec" : 0.4650067609586794,
    "sentKBytesPerSec" : 2.4091028237237793
  },
  "Step 3: Confirm informations and purchase-5" : {
    "transaction" : "Step 3: Confirm informations and purchase-5",
    "sampleCount" : 989,
    "errorCount" : 0,
    "errorPct" : 0.0,
    "meanResTime" : 802.3629929221439,
    "medianResTime" : 330.0,
    "minResTime" : 165.0,
    "maxResTime" : 9642.0,
    "pct1ResTime" : 1896.0,
    "pct2ResTime" : 3357.5,
    "pct3ResTime" : 7539.300000000009,
    "throughput" : 2.4774797342658745,
    "receivedKBytesPerSec" : 0.4233974155239531,
    "sentKBytesPerSec" : 2.2186024573455145
  },
  "Step 2: Select flight-3" : {
    "transaction" : "Step 2: Select flight-3",
    "sampleCount" : 1115,
    "errorCount" : 1,
    "errorPct" : 0.089686096,
    "meanResTime" : 745.6959641255602,
    "medianResTime" : 352.0,
    "minResTime" : 165.0,
    "maxResTime" : 7306.0,
    "pct1ResTime" : 1773.5999999999997,
    "pct2ResTime" : 3200.8000000000025,
    "pct3ResTime" : 5629.84,
    "throughput" : 2.690189133566081,
    "receivedKBytesPerSec" : 0.4624610797188692,
    "sentKBytesPerSec" : 2.4090853862110313
  },
  "Step 1: Search for flight-0" : {
    "transaction" : "Step 1: Search for flight-0",
    "sampleCount" : 1177,
    "errorCount" : 0,
    "errorPct" : 0.0,
    "meanResTime" : 1080.6457094307557,
    "medianResTime" : 660.0,
    "minResTime" : 442.0,
    "maxResTime" : 9950.0,
    "pct1ResTime" : 2123.2000000000007,
    "pct2ResTime" : 3859.299999999998,
    "pct3ResTime" : 5512.9800000000005,
    "throughput" : 2.818716083206008,
    "receivedKBytesPerSec" : 20.273285110168214,
    "sentKBytesPerSec" : 2.403065567030122
  },
  "Step 2: Select flight-2" : {
    "transaction" : "Step 2: Select flight-2",
    "sampleCount" : 1115,
    "errorCount" : 0,
    "errorPct" : 0.0,
    "meanResTime" : 803.1426008968606,
    "medianResTime" : 346.0,
    "minResTime" : 164.0,
    "maxResTime" : 8834.0,
    "pct1ResTime" : 2098.1999999999994,
    "pct2ResTime" : 3477.8000000000006,
    "pct3ResTime" : 5565.919999999995,
    "throughput" : 2.7123740205653903,
    "receivedKBytesPerSec" : 0.4661892847846764,
    "sentKBytesPerSec" : 2.4236545203294257
  },
  "Step 3: Confirm informations and purchase-3" : {
    "transaction" : "Step 3: Confirm informations and purchase-3",
    "sampleCount" : 989,
    "errorCount" : 0,
    "errorPct" : 0.0,
    "meanResTime" : 746.1314459049545,
    "medianResTime" : 309.0,
    "minResTime" : 165.0,
    "maxResTime" : 8926.0,
    "pct1ResTime" : 1796.0,
    "pct2ResTime" : 3143.0,
    "pct3ResTime" : 5607.200000000007,
    "throughput" : 2.4918994371179632,
    "receivedKBytesPerSec" : 0.428305058001542,
    "sentKBytesPerSec" : 2.2315154139034887
  },
  "Step 2: Select flight-1" : {
    "transaction" : "Step 2: Select flight-1",
    "sampleCount" : 1115,
    "errorCount" : 0,
    "errorPct" : 0.0,
    "meanResTime" : 30.13632286995518,
    "medianResTime" : 29.0,
    "minResTime" : 26.0,
    "maxResTime" : 98.0,
    "pct1ResTime" : 32.0,
    "pct2ResTime" : 36.0,
    "pct3ResTime" : 66.0,
    "throughput" : 2.7157763466840734,
    "receivedKBytesPerSec" : 0.6902994645779951,
    "sentKBytesPerSec" : 2.3683479273328882
  },
  "Step 3: Confirm informations and purchase-4" : {
    "transaction" : "Step 3: Confirm informations and purchase-4",
    "sampleCount" : 989,
    "errorCount" : 0,
    "errorPct" : 0.0,
    "meanResTime" : 804.3478260869565,
    "medianResTime" : 329.0,
    "minResTime" : 164.0,
    "maxResTime" : 8620.0,
    "pct1ResTime" : 1979.0,
    "pct2ResTime" : 3344.0,
    "pct3ResTime" : 6696.4000000000015,
    "throughput" : 2.4659221526577855,
    "receivedKBytesPerSec" : 0.42623849709026174,
    "sentKBytesPerSec" : 2.2082525527218646
  },
  "Step 2: Select flight-0" : {
    "transaction" : "Step 2: Select flight-0",
    "sampleCount" : 1115,
    "errorCount" : 0,
    "errorPct" : 0.0,
    "meanResTime" : 908.8547085201794,
    "medianResTime" : 452.0,
    "minResTime" : 257.0,
    "maxResTime" : 10976.0,
    "pct1ResTime" : 1854.4,
    "pct2ResTime" : 3599.4000000000087,
    "pct3ResTime" : 5904.919999999995,
    "throughput" : 2.713615046326155,
    "receivedKBytesPerSec" : 17.805448726821712,
    "sentKBytesPerSec" : 2.4380135181836544
  },
  "Step 3: Confirm informations and purchase-1" : {
    "transaction" : "Step 3: Confirm informations and purchase-1",
    "sampleCount" : 989,
    "errorCount" : 0,
    "errorPct" : 0.0,
    "meanResTime" : 30.360970677451988,
    "medianResTime" : 28.0,
    "minResTime" : 26.0,
    "maxResTime" : 95.0,
    "pct1ResTime" : 33.0,
    "pct2ResTime" : 38.0,
    "pct3ResTime" : 68.0,
    "throughput" : 2.4936209696126186,
    "receivedKBytesPerSec" : 0.6336876468689803,
    "sentKBytesPerSec" : 2.1746128182266293
  },
  "Step 3: Confirm informations and purchase-2" : {
    "transaction" : "Step 3: Confirm informations and purchase-2",
    "sampleCount" : 989,
    "errorCount" : 0,
    "errorPct" : 0.0,
    "meanResTime" : 824.2861476238622,
    "medianResTime" : 324.0,
    "minResTime" : 165.0,
    "maxResTime" : 8984.0,
    "pct1ResTime" : 2106.0,
    "pct2ResTime" : 3773.5,
    "pct3ResTime" : 6222.500000000003,
    "throughput" : 2.4926970780751034,
    "receivedKBytesPerSec" : 0.4284323102941584,
    "sentKBytesPerSec" : 2.2273611586315623
  },
  "Step 2: Select flight" : {
    "transaction" : "Step 2: Select flight",
    "sampleCount" : 1115,
    "errorCount" : 1,
    "errorPct" : 0.089686096,
    "meanResTime" : 2647.6475336322887,
    "medianResTime" : 1839.0,
    "minResTime" : 453.0,
    "maxResTime" : 13830.0,
    "pct1ResTime" : 5543.799999999999,
    "pct2ResTime" : 6711.6,
    "pct3ResTime" : 9628.919999999976,
    "throughput" : 2.6878674724644247,
    "receivedKBytesPerSec" : 20.167704605624756,
    "sentKBytesPerSec" : 14.381665900031821
  },
  "Step 3: Confirm informations and purchase-0" : {
    "transaction" : "Step 3: Confirm informations and purchase-0",
    "sampleCount" : 989,
    "errorCount" : 0,
    "errorPct" : 0.0,
    "meanResTime" : 808.0899898887772,
    "medianResTime" : 442.0,
    "minResTime" : 252.0,
    "maxResTime" : 7966.0,
    "pct1ResTime" : 1787.0,
    "pct2ResTime" : 2905.5,
    "pct3ResTime" : 4950.200000000005,
    "throughput" : 2.489052197110787,
    "receivedKBytesPerSec" : 14.049532909472996,
    "sentKBytesPerSec" : 2.486621482074546
  },
  "Step 1: Search for flight-5" : {
    "transaction" : "Step 1: Search for flight-5",
    "sampleCount" : 1177,
    "errorCount" : 0,
    "errorPct" : 0.0,
    "meanResTime" : 965.0934579439254,
    "medianResTime" : 497.0,
    "minResTime" : 172.0,
    "maxResTime" : 8967.0,
    "pct1ResTime" : 2168.2000000000003,
    "pct2ResTime" : 3981.0999999999945,