{
  "Step 2: Select flight-5" : {
    "transaction" : "Step 2: Select flight-5",
    "sampleCount" : 1183,
    "errorCount" : 0,
    "errorPct" : 0.0,
    "meanResTime" : 542.7007607776856,
    "medianResTime" : 269.0,
    "minResTime" : 162.0,
    "maxResTime" : 4925.0,
    "pct1ResTime" : 1179.200000000001,
    "pct2ResTime" : 2098.9999999999995,
    "pct3ResTime" : 3633.000000000002,
    "throughput" : 2.9114696646026323,
    "receivedKBytesPerSec" : 0.4975656165092389,
    "sentKBytesPerSec" : 2.607243830508412
  },
  "Step 2: Select flight-4" : {
    "transaction" : "Step 2: Select flight-4",
    "sampleCount" : 1183,
    "errorCount" : 0,
    "errorPct" : 0.0,
    "meanResTime" : 589.5832628909553,
    "medianResTime" : 307.0,
    "minResTime" : 162.0,
    "maxResTime" : 4280.0,
    "pct1ResTime" : 1374.8000000000018,
    "pct2ResTime" : 2502.3999999999996,
    "pct3ResTime" : 3579.600000000001,
    "throughput" : 2.9028893932887554,
    "receivedKBytesPerSec" : 0.5017785526961537,
    "sentKBytesPerSec" : 2.5995601305134657
  },
  "Step 3: Confirm informations and purchase-5" : {
    "transaction" : "Step 3: Confirm informations and purchase-5",
    "sampleCount" : 1089,
    "errorCount" : 0,
    "errorPct" : 0.0,
    "meanResTime" : 539.3526170798892,
    "medianResTime" : 281.0,
    "minResTime" : 161.0,
    "maxResTime" : 4621.0,
    "pct1ResTime" : 1123.0,
    "pct2ResTime" : 1938.5,
    "pct3ResTime" : 3717.399999999986,
    "throughput" : 2.7150810410553166,
    "receivedKBytesPerSec" : 0.4640031076022269,
    "sentKBytesPerSec" : 2.431376283835669
  },
  "Step 2: Select flight-3" : {
    "transaction" : "Step 2: Select flight-3",
    "sampleCount" : 1183,
    "errorCount" : 0,
    "errorPct" : 0.0,
    "meanResTime" : 579.5131022823324,
    "medianResTime" : 293.0,
    "minResTime" : 162.0,
    "maxResTime" : 4676.0,
    "pct1ResTime" : 1301.4000000000005,
    "pct2ResTime" : 2377.7999999999993,
    "pct3ResTime" : 3738.2800000000025,
    "throughput" : 2.9095434500839907,
    "receivedKBytesPerSec" : 0.5000873877563067,
    "sentKBytesPerSec" : 2.605518890358417
  },
  "Step 1: Search for flight-0" : {
    "transaction" : "Step 1: Search for flight-0",
    "sampleCount" : 1185,
    "errorCount" : 0,
    "errorPct" : 0.0,
    "meanResTime" : 877.8556962025316,
    "medianResTime" : 585.0,
    "minResTime" : 426.0,
    "maxResTime" : 5478.0,
    "pct1ResTime" : 1548.0,
    "pct2ResTime" : 2634.400000000002,
    "pct3ResTime" : 4225.680000000001,
    "throughput" : 2.9157962338247128,
    "receivedKBytesPerSec" : 20.971522716913096,
    "sentKBytesPerSec" : 2.4858301876259516
  },
  "Step 2: Select flight-2" : {
    "transaction" : "Step 2: Select flight-2",
    "sampleCount" : 1183,
    "errorCount" : 0,
    "errorPct" : 0.0,
    "meanResTime" : 590.641589180051,
    "medianResTime" : 280.0,
    "minResTime" : 162.0,
    "maxResTime" : 4694.0,
    "pct1ResTime" : 1320.200000000001,
    "pct2ResTime" : 2592.3999999999974,
    "pct3ResTime" : 3635.4400000000005,
    "throughput" : 2.9038798584143786,
    "receivedKBytesPerSec" : 0.4991043506649713,
    "sentKBytesPerSec" : 2.594775459423004
  },
  "Step 3: Confirm informations and purchase-3" : {
    "transaction" : "Step 3: Confirm informations and purchase-3",
    "sampleCount" : 1089,
    "errorCount" : 0,
    "errorPct" : 0.0,
    "meanResTime" : 527.1836547291094,
    "medianResTime" : 277.0,
    "minResTime" : 162.0,
    "maxResTime" : 4476.0,
    "pct1ResTime" : 1073.0,
    "pct2ResTime" : 1957.0,
    "pct3ResTime" : 3560.4999999999914,
    "throughput" : 2.715175813243775,
    "receivedKBytesPerSec" : 0.4666708429012738,
    "sentKBytesPerSec" : 2.4314611530708414
  },
  "Step 2: Select flight-1" : {
    "transaction" : "Step 2: Select flight-1",
    "sampleCount" : 1183,
    "errorCount" : 0,
    "errorPct" : 0.0,
    "meanResTime" : 33.38715131022826,
    "medianResTime" : 32.0,
    "minResTime" : 26.0,
    "maxResTime" : 102.0,
    "pct1ResTime" : 36.0,
    "pct2ResTime" : 47.799999999999955,
    "pct3ResTime" : 68.0,
    "throughput" : 2.913800280296257,
    "receivedKBytesPerSec" : 0.7423913759639802,
    "sentKBytesPerSec" : 2.541038721000544
  },
  "Step 3: Confirm informations and purchase-4" : {
    "transaction" : "Step 3: Confirm informations and purchase-4",
    "sampleCount" : 1089,
    "errorCount" : 0,
    "errorPct" : 0.0,
    "meanResTime" : 624.1101928374674,
    "medianResTime" : 289.0,
    "minResTime" : 162.0,
    "maxResTime" : 4740.0,
    "pct1ResTime" : 1415.0,
    "pct2ResTime" : 2740.5,
    "pct3ResTime" : 3818.7999999999975,
    "throughput" : 2.720615973438394,
    "receivedKBytesPerSec" : 0.4702724808382695,
    "sentKBytesPerSec" : 2.436332859026374
  },
  "Step 2: Select flight-0" : {
    "transaction" : "Step 2: Select flight-0",
    "sampleCount" : 1183,
    "errorCount" : 0,
    "errorPct" : 0.0,
    "meanResTime" : 699.7928994082844,
    "medianResTime" : 405.0,
    "minResTime" : 250.0,
    "maxResTime" : 4600.0,
    "pct1ResTime" : 1448.6000000000001,
    "pct2ResTime" : 2372.199999999999,
    "pct3ResTime" : 3954.3200000000083,
    "throughput" : 2.908112971462144,
    "receivedKBytesPerSec" : 19.081670626246027,
    "sentKBytesPerSec" : 2.61275774779802
  },
  "Step 3: Confirm informations and purchase-1" : {
    "transaction" : "Step 3: Confirm informations and purchase-1",
    "sampleCount" : 1089,
    "errorCount" : 0,
    "errorPct" : 0.0,
    "meanResTime" : 34.123048668503316,
    "medianResTime" : 32.0,
    "minResTime" : 27.0,
    "maxResTime" : 151.0,
    "pct1ResTime" : 36.0,
    "pct2ResTime" : 52.0,
    "pct3ResTime" : 71.09999999999991,
    "throughput" : 2.7215066500727234,
    "receivedKBytesPerSec" : 0.6935090762184303,
    "sentKBytesPerSec" : 2.373345154799748
  },
  "Step 3: Confirm informations and purchase-2" : {
    "transaction" : "Step 3: Confirm informations and purchase-2",
    "sampleCount" : 1089,
    "errorCount" : 0,
    "errorPct" : 0.0,
    "meanResTime" : 539.2341597796134,
    "medianResTime" : 268.0,
    "minResTime" : 162.0,
    "maxResTime" : 4582.0,
    "pct1ResTime" : 1274.0,
    "pct2ResTime" : 1919.0,
    "pct3ResTime" : 3538.399999999988,
    "throughput" : 2.7167676203211224,
    "receivedKBytesPerSec" : 0.46695417980561016,
    "sentKBytesPerSec" : 2.427580441986159
  },
  "Step 2: Select flight" : {
    "transaction" : "Step 2: Select flight",
    "sampleCount" : 1183,
    "errorCount" : 0,
    "errorPct" : 0.0,
    "meanResTime" : 1967.5054945054942,
    "medianResTime" : 1538.0,
    "minResTime" : 439.0,
    "maxResTime" : 8615.0,
    "pct1ResTime" : 3886.2000000000003,
    "pct2ResTime" : 4424.799999999999,
    "pct3ResTime" : 5960.480000000007,
    "throughput" : 2.897017516793151,
    "receivedKBytesPerSec" : 21.73870152837265,
    "sentKBytesPerSec" : 15.500741186044603
  },
  "Step 3: Confirm informations and purchase-0" : {
    "transaction" : "Step 3: Confirm informations and purchase-0",
    "sampleCount" : 1089,
    "errorCount" : 0,
    "errorPct" : 0.0,
    "meanResTime" : 722.3719008264462,
    "medianResTime" : 409.0,
    "minResTime" : 251.0,
    "maxResTime" : 5010.0,
    "pct1ResTime" : 1515.0,
    "pct2ResTime" : 2545.5,
    "pct3ResTime" : 4145.0999999999985,
    "throughput" : 2.719562872098134,
    "receivedKBytesPerSec" : 15.350657617897669,
    "sentKBytesPerSec" : 2.7169070489808504
  },
  "Step 1: Search for flight-5" : {
    "transaction" : "Step 1: Search for flight-5",
    "sampleCount" : 1185,
    "errorCount" : 0,
    "errorPct" : 0.0,
    "meanResTime" : 688.2278481012661,
    "medianResTime" : 447.0,
    "minResTime" : 169.0,
    "maxResTime" : 4475.0,
    "pct1ResTime" : 1262.6000000000008,
    "pct2ResTime" : 2184.9000000000024,