{
  "Step 2: Select flight-5" : {
    "transaction" : "Step 2: Select flight-5",
    "sampleCount" : 1300,
    "errorCount" : 0,
    "errorPct" : 0.0,
    "meanResTime" : 656.376153846155,
    "medianResTime" : 354.5,
    "minResTime" : 165.0,
    "maxResTime" : 4271.0,
    "pct1ResTime" : 1699.8000000000002,
    "pct2ResTime" : 2237.9,
    "pct3ResTime" : 2954.4800000000005,
    "throughput" : 4.43551276233499,
    "receivedKBytesPerSec" : 0.7580355284572263,
    "sentKBytesPerSec" : 3.9720363311144395
  },
  "Step 2: Select flight-4" : {
    "transaction" : "Step 2: Select flight-4",
    "sampleCount" : 1300,
    "errorCount" : 0,
    "errorPct" : 0.0,
    "meanResTime" : 654.8546153846161,
    "medianResTime" : 371.5,
    "minResTime" : 165.0,
    "maxResTime" : 3963.0,
    "pct1ResTime" : 1811.2000000000016,
    "pct2ResTime" : 2296.9,
    "pct3ResTime" : 2893.6900000000005,
    "throughput" : 4.438662801615673,
    "receivedKBytesPerSec" : 0.7672431379980266,
    "sentKBytesPerSec" : 3.9748572158999735
  },
  "Step 3: Confirm informations and purchase-5" : {
    "transaction" : "Step 3: Confirm informations and purchase-5",
    "sampleCount" : 1300,
    "errorCount" : 0,
    "errorPct" : 0.0,
    "meanResTime" : 624.6369230769228,
    "medianResTime" : 328.5,
    "minResTime" : 163.0,
    "maxResTime" : 4637.0,
    "pct1ResTime" : 1653.7000000000003,
    "pct2ResTime" : 2283.8500000000004,
    "pct3ResTime" : 3373.080000000001,
    "throughput" : 4.4325032050407795,
    "receivedKBytesPerSec" : 0.7575078719552112,
    "sentKBytesPerSec" : 3.969341249045307
  },
  "Step 2: Select flight-3" : {
    "transaction" : "Step 2: Select flight-3",
    "sampleCount" : 1300,
    "errorCount" : 0,
    "errorPct" : 0.0,
    "meanResTime" : 681.8261538461546,
    "medianResTime" : 388.5,
    "minResTime" : 163.0,
    "maxResTime" : 4095.0,
    "pct1ResTime" : 1808.7000000000003,
    "pct2ResTime" : 2262.6000000000004,
    "pct3ResTime" : 2940.6100000000006,
    "throughput" : 4.440178836741455,
    "receivedKBytesPerSec" : 0.7631557375649376,
    "sentKBytesPerSec" : 3.976214837199135
  },
  "Step 1: Search for flight-0" : {
    "transaction" : "Step 1: Search for flight-0",
    "sampleCount" : 1301,
    "errorCount" : 0,
    "errorPct" : 0.0,
    "meanResTime" : 956.3697156033812,
    "medianResTime" : 682.0,
    "minResTime" : 442.0,
    "maxResTime" : 3879.0,
    "pct1ResTime" : 1962.1999999999998,
    "pct2ResTime" : 2468.9999999999973,
    "pct3ResTime" : 3174.7000000000003,
    "throughput" : 3.8655696887042765,
    "receivedKBytesPerSec" : 27.802656989557615,
    "sentKBytesPerSec" : 3.2955491584363608
  },
  "Step 2: Select flight-2" : {
    "transaction" : "Step 2: Select flight-2",
    "sampleCount" : 1300,
    "errorCount" : 0,
    "errorPct" : 0.0,
    "meanResTime" : 654.4076923076929,
    "medianResTime" : 366.0,
    "minResTime" : 163.0,
    "maxResTime" : 4161.0,
    "pct1ResTime" : 1719.7000000000012,
    "pct2ResTime" : 2262.3500000000004,
    "pct3ResTime" : 2937.94,
    "throughput" : 4.426707346972131,
    "receivedKBytesPerSec" : 0.7608536266651229,
    "sentKBytesPerSec" : 3.9555051000776373
  },
  "Step 3: Confirm informations and purchase-3" : {
    "transaction" : "Step 3: Confirm informations and purchase-3",
    "sampleCount" : 1300,
    "errorCount" : 0,
    "errorPct" : 0.0,
    "meanResTime" : 641.0799999999995,
    "medianResTime" : 334.5,
    "minResTime" : 163.0,
    "maxResTime" : 4440.0,
    "pct1ResTime" : 1743.0000000000036,
    "pct2ResTime" : 2423.6500000000005,
    "pct3ResTime" : 3775.3100000000013,
    "throughput" : 4.451414522568672,
    "receivedKBytesPerSec" : 0.7650868710664905,
    "sentKBytesPerSec" : 3.9862764816362035
  },
  "Step 2: Select flight-1" : {
    "transaction" : "Step 2: Select flight-1",
    "sampleCount" : 1300,
    "errorCount" : 0,
    "errorPct" : 0.0,
    "meanResTime" : 35.77615384615384,
    "medianResTime" : 32.0,
    "minResTime" : 26.0,
    "maxResTime" : 306.0,
    "pct1ResTime" : 38.0,
    "pct2ResTime" : 49.950000000000045,
    "pct3ResTime" : 263.99,
    "throughput" : 4.443183643615658,
    "receivedKBytesPerSec" : 1.131489825109456,
    "sentKBytesPerSec" : 3.8747685485827947
  },
  "Step 3: Confirm informations and purchase-4" : {
    "transaction" : "Step 3: Confirm informations and purchase-4",
    "sampleCount" : 1300,
    "errorCount" : 0,
    "errorPct" : 0.0,
    "meanResTime" : 613.5253846153847,
    "medianResTime" : 325.0,
    "minResTime" : 165.0,
    "maxResTime" : 4492.0,
    "pct1ResTime" : 1526.8000000000002,
    "pct2ResTime" : 2237.95,
    "pct3ResTime" : 3260.84,
    "throughput" : 4.432306742902343,
    "receivedKBytesPerSec" : 0.7661311459899558,
    "sentKBytesPerSec" : 3.969165315665477
  },
  "Step 2: Select flight-0" : {
    "transaction" : "Step 2: Select flight-0",
    "sampleCount" : 1300,
    "errorCount" : 0,
    "errorPct" : 0.0,
    "meanResTime" : 777.919230769231,
    "medianResTime" : 468.0,
    "minResTime" : 259.0,
    "maxResTime" : 4096.0,
    "pct1ResTime" : 1858.7000000000003,
    "pct2ResTime" : 2343.9,
    "pct3ResTime" : 3054.96,
    "throughput" : 4.435285768873847,
    "receivedKBytesPerSec" : 29.102231524475954,
    "sentKBytesPerSec" : 3.984827057972597
  },
  "Step 3: Confirm informations and purchase-1" : {
    "transaction" : "Step 3: Confirm informations and purchase-1",
    "sampleCount" : 1300,
    "errorCount" : 0,
    "errorPct" : 0.0,
    "meanResTime" : 34.73615384615386,
    "medianResTime" : 31.0,
    "minResTime" : 26.0,
    "maxResTime" : 319.0,
    "pct1ResTime" : 36.0,
    "pct2ResTime" : 50.0,
    "pct3ResTime" : 114.99000000000001,
    "throughput" : 4.45354947893471,
    "receivedKBytesPerSec" : 1.1352135091571829,
    "sentKBytesPerSec" : 3.8838082858288057
  },
  "Step 3: Confirm informations and purchase-2" : {
    "transaction" : "Step 3: Confirm informations and purchase-2",
    "sampleCount" : 1300,
    "errorCount" : 0,
    "errorPct" : 0.0,
    "meanResTime" : 636.8499999999999,
    "medianResTime" : 334.5,
    "minResTime" : 164.0,
    "maxResTime" : 4459.0,
    "pct1ResTime" : 1656.6000000000022,
    "pct2ResTime" : 2484.5000000000014,
    "pct3ResTime" : 3724.370000000001,
    "throughput" : 4.450164998425326,
    "receivedKBytesPerSec" : 0.7648854809943721,
    "sentKBytesPerSec" : 3.97646579449138
  },
  "Step 2: Select flight" : {
    "transaction" : "Step 2: Select flight",
    "sampleCount" : 1300,
    "errorCount" : 0,
    "errorPct" : 0.0,
    "meanResTime" : 2166.2269230769202,
    "medianResTime" : 2075.0,
    "minResTime" : 442.0,
    "maxResTime" : 6465.0,
    "pct1ResTime" : 3488.5000000000014,
    "pct2ResTime" : 3990.3000000000006,
    "pct3ResTime" : 5273.000000000001,
    "throughput" : 4.41844735759854,
    "receivedKBytesPerSec" : 33.15465882788788,
    "sentKBytesPerSec" : 23.64128229715078
  },
  "Step 3: Confirm informations and purchase-0" : {
    "transaction" : "Step 3: Confirm informations and purchase-0",
    "sampleCount" : 1300,
    "errorCount" : 0,
    "errorPct" : 0.0,
    "meanResTime" : 733.8915384615384,
    "medianResTime" : 446.0,
    "minResTime" : 257.0,
    "maxResTime" : 4547.0,
    "pct1ResTime" : 1662.9,
    "pct2ResTime" : 2384.700000000001,
    "pct3ResTime" : 3601.790000000001,
    "throughput" : 4.449190247374978,
    "receivedKBytesPerSec" : 25.113593388503293,
    "sentKBytesPerSec" : 4.444845335024026
  },
  "Step 1: Search for flight-5" : {
    "transaction" : "Step 1: Search for flight-5",
    "sampleCount" : 1301,
    "errorCount" : 0,
    "errorPct" : 0.0,
    "meanResTime" : 806.2513451191397,
    "medianResTime" : 548.0,
    "minResTime" : 170.0,
    "maxResTime" : 5366.0,
    "pct1ResTime" : 1774.7999999999997,