{
  "Step 2: Select flight-5" : {
    "transaction" : "Step 2: Select flight-5",
    "sampleCount" : 1295,
    "errorCount" : 3,
    "errorPct" : 0.23166023,
    "meanResTime" : 817.8664092664105,
    "medianResTime" : 417.0,
    "minResTime" : 166.0,
    "maxResTime" : 9946.0,
    "pct1ResTime" : 1565.0000000000018,
    "pct2ResTime" : 2875.2,
    "pct3ResTime" : 7471.639999999997,
    "throughput" : 4.16382647614883,
    "receivedKBytesPerSec" : 0.8463675637917508,
    "sentKBytesPerSec" : 3.7257687454583746
  },
  "Step 2: Select flight-4" : {
    "transaction" : "Step 2: Select flight-4",
    "sampleCount" : 1295,
    "errorCount" : 1,
    "errorPct" : 0.077220075,
    "meanResTime" : 887.1320463320471,
    "medianResTime" : 442.0,
    "minResTime" : 166.0,
    "maxResTime" : 9844.0,
    "pct1ResTime" : 1776.0000000000014,
    "pct2ResTime" : 3681.4000000000005,
    "pct3ResTime" : 7536.3999999999905,
    "throughput" : 4.143893916315742,
    "receivedKBytesPerSec" : 4.276653017682747,
    "sentKBytesPerSec" : 3.7084144395903467
  },
  "Step 3: Confirm informations and purchase-5" : {
    "transaction" : "Step 3: Confirm informations and purchase-5",
    "sampleCount" : 1296,
    "errorCount" : 2,
    "errorPct" : 0.15432099,
    "meanResTime" : 913.8873456790128,
    "medianResTime" : 381.5,
    "minResTime" : 164.0,
    "maxResTime" : 7561.0,
    "pct1ResTime" : 2086.499999999999,
    "pct2ResTime" : 4778.199999999996,
    "pct3ResTime" : 7159.9,
    "throughput" : 4.141911607259851,
    "receivedKBytesPerSec" : 0.7080771770603294,
    "sentKBytesPerSec" : 3.709114202985628
  },
  "Step 2: Select flight-3" : {
    "transaction" : "Step 2: Select flight-3",
    "sampleCount" : 1295,
    "errorCount" : 3,
    "errorPct" : 0.23166023,
    "meanResTime" : 901.9382239382234,
    "medianResTime" : 436.0,
    "minResTime" : 166.0,
    "maxResTime" : 9916.0,
    "pct1ResTime" : 1740.0000000000014,
    "pct2ResTime" : 3801.400000000003,
    "pct3ResTime" : 7831.28,
    "throughput" : 4.165058535957803,
    "receivedKBytesPerSec" : 2.0744383603499292,
    "sentKBytesPerSec" : 3.7268366360317766
  },
  "Step 1: Search for flight-0" : {
    "transaction" : "Step 1: Search for flight-0",
    "sampleCount" : 1293,
    "errorCount" : 0,
    "errorPct" : 0.0,
    "meanResTime" : 1234.3147718484154,
    "medianResTime" : 746.0,
    "minResTime" : 446.0,
    "maxResTime" : 10481.0,
    "pct1ResTime" : 1986.800000000001,
    "pct2ResTime" : 4124.199999999996,
    "pct3ResTime" : 8692.419999999995,
    "throughput" : 4.145772146054302,
    "receivedKBytesPerSec" : 29.81799285251087,
    "sentKBytesPerSec" : 3.5344326987357477
  },
  "Step 2: Select flight-2" : {
    "transaction" : "Step 2: Select flight-2",
    "sampleCount" : 1295,
    "errorCount" : 2,
    "errorPct" : 0.15444015,
    "meanResTime" : 880.3845559845576,
    "medianResTime" : 453.0,
    "minResTime" : 166.0,
    "maxResTime" : 9943.0,
    "pct1ResTime" : 1709.8000000000025,
    "pct2ResTime" : 3550.4000000000037,
    "pct3ResTime" : 7659.239999999999,
    "throughput" : 4.165219293167111,
    "receivedKBytesPerSec" : 1.711377818156818,
    "sentKBytesPerSec" : 3.718845285422054
  },
  "Step 3: Confirm informations and purchase-3" : {
    "transaction" : "Step 3: Confirm informations and purchase-3",
    "sampleCount" : 1296,
    "errorCount" : 3,
    "errorPct" : 0.23148148,
    "meanResTime" : 918.7368827160495,
    "medianResTime" : 365.0,
    "minResTime" : 165.0,
    "maxResTime" : 8371.0,
    "pct1ResTime" : 2280.7999999999984,
    "pct2ResTime" : 4671.449999999997,
    "pct3ResTime" : 7218.079999999999,
    "throughput" : 4.144202912453713,
    "receivedKBytesPerSec" : 0.712622131674373,
    "sentKBytesPerSec" : 3.711166084687554
  },
  "Step 2: Select flight-1" : {
    "transaction" : "Step 2: Select flight-1",
    "sampleCount" : 1295,
    "errorCount" : 0,
    "errorPct" : 0.0,
    "meanResTime" : 33.37683397683396,
    "medianResTime" : 32.0,
    "minResTime" : 26.0,
    "maxResTime" : 291.0,
    "pct1ResTime" : 36.0,
    "pct2ResTime" : 40.0,
    "pct3ResTime" : 80.19999999999982,
    "throughput" : 4.167001850213177,
    "receivedKBytesPerSec" : 2.902723031131848,
    "sentKBytesPerSec" : 3.6328187846914974
  },
  "Step 3: Confirm informations and purchase-4" : {
    "transaction" : "Step 3: Confirm informations and purchase-4",
    "sampleCount" : 1296,
    "errorCount" : 5,
    "errorPct" : 0.38580248,
    "meanResTime" : 853.6998456790112,
    "medianResTime" : 362.0,
    "minResTime" : 166.0,
    "maxResTime" : 9664.0,
    "pct1ResTime" : 1968.599999999999,
    "pct2ResTime" : 4036.19999999998,
    "pct3ResTime" : 6962.929999999997,
    "throughput" : 4.086175421780955,
    "receivedKBytesPerSec" : 0.7068406342321238,
    "sentKBytesPerSec" : 3.6592020134503276
  },
  "Step 2: Select flight-0" : {
    "transaction" : "Step 2: Select flight-0",
    "sampleCount" : 1295,
    "errorCount" : 0,
    "errorPct" : 0.0,
    "meanResTime" : 1001.5135135135141,
    "medianResTime" : 559.0,
    "minResTime" : 261.0,
    "maxResTime" : 8555.0,
    "pct1ResTime" : 1788.2000000000003,
    "pct2ResTime" : 3883.800000000001,
    "pct3ResTime" : 7929.239999999997,
    "throughput" : 4.159506640756741,
    "receivedKBytesPerSec" : 27.292725405311,
    "sentKBytesPerSec" : 3.737056747554885
  },
  "Step 3: Confirm informations and purchase-1" : {
    "transaction" : "Step 3: Confirm informations and purchase-1",
    "sampleCount" : 1296,
    "errorCount" : 0,
    "errorPct" : 0.0,
    "meanResTime" : 31.513888888888857,
    "medianResTime" : 31.0,
    "minResTime" : 26.0,
    "maxResTime" : 68.0,
    "pct1ResTime" : 34.0,
    "pct2ResTime" : 35.149999999999864,
    "pct3ResTime" : 45.02999999999997,
    "throughput" : 4.147744184036945,
    "receivedKBytesPerSec" : 1.0562542055517683,
    "sentKBytesPerSec" : 3.617124566743157
  },
  "Step 3: Confirm informations and purchase-2" : {
    "transaction" : "Step 3: Confirm informations and purchase-2",
    "sampleCount" : 1296,
    "errorCount" : 2,
    "errorPct" : 0.15432099,
    "meanResTime" : 914.788580246913,
    "medianResTime" : 382.0,
    "minResTime" : 164.0,
    "maxResTime" : 8099.0,
    "pct1ResTime" : 2378.3999999999983,
    "pct2ResTime" : 4425.549999999995,
    "pct3ResTime" : 7298.389999999999,
    "throughput" : 4.140257616029442,
    "receivedKBytesPerSec" : 0.7118438801817113,
    "sentKBytesPerSec" : 3.6995466002606827
  },
  "Step 2: Select flight" : {
    "transaction" : "Step 2: Select flight",
    "sampleCount" : 1300,
    "errorCount" : 14,
    "errorPct" : 1.0769231,
    "meanResTime" : 3022.2923076923094,
    "medianResTime" : 2060.5,
    "minResTime" : 168.0,
    "maxResTime" : 16668.0,
    "pct1ResTime" : 7104.9000000000015,
    "pct2ResTime" : 8563.550000000001,
    "pct3ResTime" : 10252.19,
    "throughput" : 4.152001584148296,
    "receivedKBytesPerSec" : 38.89177887717102,
    "sentKBytesPerSec" : 22.132061671396222
  },
  "Step 3: Confirm informations and purchase-0" : {
    "transaction" : "Step 3: Confirm informations and purchase-0",
    "sampleCount" : 1296,
    "errorCount" : 0,
    "errorPct" : 0.0,
    "meanResTime" : 1034.175925925926,
    "medianResTime" : 475.5,
    "minResTime" : 255.0,
    "maxResTime" : 8487.0,
    "pct1ResTime" : 2214.2999999999993,
    "pct2ResTime" : 5013.299999999994,
    "pct3ResTime" : 7509.0999999999985,
    "throughput" : 4.142573573832744,
    "receivedKBytesPerSec" : 23.382885992923104,
    "sentKBytesPerSec" : 4.138528091827047
  },
  "Step 1: Search for flight-5" : {
    "transaction" : "Step 1: Search for flight-5",
    "sampleCount" : 1293,
    "errorCount" : 4,
    "errorPct" : 0.3093581,
    "meanResTime" : 1056.8615622583136,